330005,KALEIDA HEALTH,100 HIGH STREET,BUFFALO,NY,14210,ERIE,(716) 859-8620,Acute Care Hospitals,Voluntary non-profit - Private,Yes,Y,3,,7,7,2,4,1,,8,8,3,5,0,,11,11,1,9,1,,8,8,,12,9,
330006,ST JOSEPH'S MEDICAL CENTER,127 SOUTH BROADWAY,YONKERS,NY,10701,WESTCHESTER,(914) 378-7000,Acute Care Hospitals,Voluntary non-profit - Private,Yes,,2,,7,3,0,3,0,,8,4,0,4,0,,11,6,0,5,1,,8,8,,12,7,
330009,BRONXCARE HOSPITAL CENTER,1276 FULTON AVENUE,BRONX,NY,10456,BRONX,(212) 588-7000,Acute Care Hospitals,Voluntary non-profit - Private,Yes,Y,1,,7,4,0,4,0,,8,6,2,4,0,,11,5,0,4,1,,8,8,,12,9,
330011,"OUR LADY OF LOURDES MEMORIAL HOSPITAL, INC",169 RIVERSIDE DRIVE,BINGHAMTON,NY,13905,BROOME,(607) 798-5111,Acute Care Hospitals,Voluntary non-profit - Private,Yes,Y,2,,7,6,0,6,0,,8,7,1,3,3,,11,9,0,8,1,,8,8,,12,10,
330013,ALBANY MEDICAL CENTER HOSPITAL,"43 NEW SCOTLAND AVENUE, MAIL CODE 34",ALBANY,NY,12208,ALBANY,(518) 262-2400,Acute Care Hospitals,Voluntary non-profit - Private,Yes,Y,2,,7,7,0,6,1,,8,8,2,6,0,,11,11,1,8,2,,8,8,,12,8,
330014,JAMAICA HOSPITAL MEDICAL CENTER,89TH AVENUE AND VAN WYCK EXPRESSWAY,JAMAICA,NY,11418,QUEENS,(718) 262-6000,Acute Care Hospitals,Voluntary non-profit - Private,Yes,Y,1,,7,6,0,6,0,,8,6,1,5,0,,11,6,0,4,2,,8,8,,12,8,
330019,"NEW YORK COMMUNITY HOSPITAL OF BROOKLYN, INC.",2525 KINGS HIGHWAY,BROOKLYN,NY,11229,KINGS,(718) 692-5302,Acute Care Hospitals,Voluntary non-profit - Private,Yes,,1,,7,6,0,6,0,,8,2,0,2,0,,11,6,0,3,3,,8,8,,12,7,
330023,VASSAR BROTHERS MEDICAL CENTER,45 READE PLACE,POUGHKEEPSIE,NY,12601,DUTCHESS,(845) 454-8500,Acute Care Hospitals,Voluntary non-profit - Private,Yes,Y,3,,7,7,0,7,0,,8,8,1,7,0,,11,10,0,8,2,,8,8,,12,10,
330024,MOUNT SINAI HOSPITAL,ONE GUSTAVE L LEVY PLACE,NEW YORK,NY,10029,NEW YORK,(212) 241-7981,Acute Care Hospitals,Voluntary non-profit - Private,Yes,Y,3,,7,7,3,4,0,,8,8,3,4,1,,11,11,0,9,2,,8,8,,12,10,
330027,NASSAU UNIVERSITY MEDICAL CENTER,2201 HEMPSTEAD TURNPIKE,EAST MEADOW,NY,11554,NASSAU,(516) 572-0123,Acute Care Hospitals,Government - State,Yes,Y,1,,7,5,0,4,1,,8,5,1,4,0,,11,6,0,4,2,,8,8,,12,8,
330028,RICHMOND UNIVERSITY MEDICAL CENTER,355 BARD AVENUE,STATEN ISLAND,NY,10310,RICHMOND,(718) 354-5047,Acute Care Hospitals,Voluntary non-profit - Private,Yes,Y,1,,7,6,0,5,1,,8,8,1,7,0,,11,10,0,6,4,,8,8,,12,6,
330030,NEWARK-WAYNE COMMUNITY HOSPITAL,111 DRIVING PARK AVENUE,NEWARK,NY,14513,WAYNE,(315) 332-2022,Acute Care Hospitals,Voluntary non-profit - Private,Yes,Y,3,,7,3,0,3,0,,8,4,0,4,0,,11,6,0,5,1,,8,8,,12,9,
330033,CHENANGO MEMORIAL HOSPITAL,179 NORTH BROAD STREET,NORWICH,NY,13815,CHENANGO,(607) 337-4111,Acute Care Hospitals,Voluntary non-profit - Private,Yes,Y,2,,7,3,0,3,0,,8,2,0,2,0,,11,6,0,6,0,,8,8,,12,8,
330043,NS/LIJ HS SOUTHSIDE HOSPITAL,301 EAST MAIN STREET,BAY SHORE,NY,11706,SUFFOLK,(631) 968-3000,Acute Care Hospitals,Voluntary non-profit - Private,Yes,Y,4,,7,7,0,7,0,,8,8,4,4,0,,11,11,0,10,1,,8,8,,12,9,
330044,WYNN HOSPITAL,1656 CHAMPLIN AVENUE,UTICA,NY,13503,ONEIDA,(315) 624-6002,Acute Care Hospitals,Voluntary non-profit - Private,Yes,Y,2,,7,5,0,4,1,,8,6,1,5,0,,11,8,0,6,2,,8,8,,12,9,
330045,NS/LIJ HS HUNTINGTON HOSPITAL,270 PARK AVENUE,HUNTINGTON,NY,11743,SUFFOLK,(631) 351-2000,Acute Care Hospitals,Voluntary non-profit - Private,Yes,Y,4,,7,6,3,3,0,,8,7,3,4,0,,11,8,0,7,1,,8,8,,12,9,
330046,MOUNT SINAI ST LUKE'S ROOSEVELT HOSPITAL,1000 TENTH AVENUE,NEW YORK,NY,10019,NEW YORK,(212) 523-4000,Acute Care Hospitals,Voluntary non-profit - Private,Yes,Y,3,,7,7,3,4,0,,8,8,2,6,0,,11,11,0,9,2,,8,8,,12,10,
330047,ST MARY'S HEALTHCARE,427 GUY PARK AVENUE,AMSTERDAM,NY,12010,MONTGOMERY,(518) 842-1900,Acute Care Hospitals,Voluntary non-profit - Private,Yes,Y,2,,7,5,0,5,0,,8,5,0,5,0,,11,8,0,6,2,,8,8,,12,8,
330049,NORTHERN DUTCHESS HOSPITAL,6511 SPRINGBROOK AVENUE,RHINEBECK,NY,12572,DUTCHESS,(845) 871-3391,Acute Care Hospitals,Voluntary non-profit - Private,Yes,Y,5,,7,5,0,5,0,,8,6,1,5,0,,11,9,0,8,1,,8,8,,12,9,
330055,NEW YORK-PRESBYTERIAN/QUEENS,56-45 MAIN STREET,FLUSHING,NY,11355,QUEENS,(718) 670-2000,Acute Care Hospitals,Voluntary non-profit - Private,Yes,Y,4,,7,6,1,5,0,,8,7,3,4,0,,11,10,1,8,1,,8,8,,12,9,
330056,BROOKLYN HOSPITAL CENTER - DOWNTOWN CAMPUS,121 DEKALB AVENUE,BROOKLYN,NY,11201,KINGS,(718) 250-8000,Acute Care Hospitals,Voluntary non-profit - Other,Yes,Y,1,,7,6,0,5,1,,8,8,1,7,0,,11,9,0,8,1,,8,8,,12,8,
330057,ST PETER'S HOSPITAL,315 SOUTH MANNING BOULEVARD,ALBANY,NY,12208,ALBANY,(518) 525-1550,Acute Care Hospitals,Voluntary non-profit - Private,Yes,Y,4,,7,7,0,7,0,,8,8,2,5,1,,11,11,0,11,0,,8,8,,12,10,
330058,GENEVA GENERAL HOSPITAL,196 -198 NORTH STREET,GENEVA,NY,14456,ONTARIO,(315) 787-4175,Acute Care Hospitals,Voluntary non-profit - Other,Yes,,2,,7,4,0,4,0,,8,6,0,5,1,,11,7,0,5,2,,8,8,,12,9,
330059,MONTEFIORE MEDICAL CENTER,111 EAST 210TH STREET,BRONX,NY,10467,BRONX,(718) 920-4321,Acute Care Hospitals,Voluntary non-profit - Private,Yes,Y,2,,7,7,2,5,0,,8,8,1,5,2,,11,11,1,8,2,,8,8,,12,10,
330065,NIAGARA FALLS MEMORIAL MEDICAL CENTER,621 TENTH STREET,NIAGARA FALLS,NY,14302,NIAGARA,(716) 278-4000,Acute Care Hospitals,Voluntary non-profit - Other,Yes,Y,2,,7,4,0,4,0,,8,6,1,5,0,,11,6,0,6,0,,8,8,,12,9,
330073,UNITED MEMORIAL MEDICAL CENTER,127 NORTH STREET,BATAVIA,NY,14020,GENESEE,(585) 343-6030,Acute Care Hospitals,Voluntary non-profit - Private,Yes,Y,2,,7,3,0,3,0,,8,6,0,6,0,,11,9,0,9,0,,8,8,,12,8,
330074,F F THOMPSON HOSPITAL,350 PARRISH STREET,CANANDAIGUA,NY,14424,ONTARIO,(585) 396-6000,Acute Care Hospitals,Voluntary non-profit - Private,Yes,Y,1,,7,5,0,5,0,,8,7,0,6,1,,11,7,0,6,1,,8,8,,12,9,
330078,SISTERS OF CHARITY HOSPITAL,2157 MAIN STREET,BUFFALO,NY,14214,ERIE,(716) 862-1000,Acute Care Hospitals,Voluntary non-profit - Private,Yes,Y,3,,7,4,0,4,0,,8,8,2,6,0,,11,7,1,5,1,,8,8,,12,9,
330079,ADIRONDACK MEDICAL CENTER - SARANAC LAKE,"2233 STATE ROUTE 86, PO BOX 471",SARANAC LAKE,NY,12983,FRANKLIN,(518) 891-4141,Acute Care Hospitals,Voluntary non-profit - Other,Yes,Y,2,,7,2,0,2,0,,8,4,0,4,0,,11,9,0,9,0,,8,8,,12,9,
330080,LINCOLN MEDICAL & MENTAL HEALTH CENTER,234 EAST 149TH STREET,BRONX,NY,10451,BRONX,(718) 579-5000,Acute Care Hospitals,Government - Local,Yes,Y,1,,7,4,0,4,0,,8,6,0,6,0,,11,5,0,4,1,,8,8,,12,8,
330085,AURELIA OSBORN FOX MEMORIAL HOSPITAL,ONE NORTON AVENUE,ONEONTA,NY,13820,OTSEGO,(607) 432-2000,Acute Care Hospitals,Voluntary non-profit - Private,Yes,,2,,7,4,0,4,0,,8,3,0,3,0,,11,7,0,7,0,,8,8,,12,8,
330086,MONTEFIORE MOUNT VERNON HOSPITAL,12 NORTH 7TH AVENUE,MOUNT VERNON,NY,10550,WESTCHESTER,(914) 664-8000,Acute Care Hospitals,Voluntary non-profit - Private,Yes,,Not Available,16,7,2,0,2,0,,8,2,0,2,0,,11,4,0,4,0,,8,Not Available,5,12,7,
330090,ARNOT OGDEN MEDICAL CENTER,600 ROE AVENUE,ELMIRA,NY,14905,CHEMUNG,(607) 737-4100,Acute Care Hospitals,Voluntary non-profit - Private,Yes,Y,1,,7,6,0,6,0,,8,6,1,4,1,,11,10,0,9,1,,8,8,,12,10,
330094,COLUMBIA MEMORIAL HOSPITAL,71 PROSPECT AVENUE,HUDSON,NY,12534,COLUMBIA,(518) 828-7601,Acute Care Hospitals,Voluntary non-profit - Private,Yes,,2,,7,4,0,4,0,,8,6,0,5,1,,11,9,0,9,0,,8,8,,12,9,
330096,JONES MEMORIAL HOSPITAL,191 NORTH MAIN STREET,WELLSVILLE,NY,14895,ALLEGANY,(585) 593-1100,Acute Care Hospitals,Voluntary non-profit - Private,Yes,Y,4,,7,3,0,3,0,,8,2,0,2,0,,11,8,1,7,0,,8,8,,12,9,
33009F,ALBANY VA MEDICAL CENTER,113 HOLLAND AVENUE,ALBANY,NY,12208,ALBANY,(518) 626-5000,Acute Care - Veterans Administration,Veterans Health Administration,Yes,,3,,7,4,0,4,0,,8,4,0,4,0,,11,5,0,5,0,,8,8,,12,4,
330100,NY EYE AND EAR INFIRMARY OF MOUNT SINAI,230 SECOND AVE,NEW YORK,NY,10003,NEW YORK,(212) 979-4000,Acute Care Hospitals,Voluntary non-profit - Private,No,,Not Available,16,7,Not Available,Not Available,Not Available,Not Available,5,8,Not Available,Not Available,Not Available,Not Available,5,11,1,0,1,0,,8,Not Available,5,12,2,
330101,NEW YORK-PRESBYTERIAN HOSPITAL,525 EAST 68TH STREET,NEW YORK,NY,10065,NEW YORK,(212) 746-5454,Acute Care Hospitals,Voluntary non-profit - Private,Yes,Y,5,,7,7,5,2,0,,8,8,4,4,0,,11,11,3,6,2,,8,8,,12,11,
330102,KENMORE MERCY HOSPITAL,2950 ELMWOOD AVENUE,KENMORE,NY,14217,ERIE,(716) 447-6100,Acute Care Hospitals,Voluntary non-profit - Private,Yes,,2,,7,5,0,5,0,,8,7,2,5,0,,11,7,0,6,1,,8,8,,12,9,
330103,OLEAN GENERAL HOSPITAL,515 MAIN STREET,OLEAN,NY,14760,CATTARAUGUS,(716) 373-2600,Acute Care Hospitals,Proprietary,Yes,Y,1,,7,6,0,6,0,,8,7,0,7,0,,11,10,0,9,1,,8,8,,12,10,
330104,NYACK HOSPITAL,160 NORTH MIDLAND AVENUE,NYACK,NY,10960,ROCKLAND,(845) 348-2000,Acute Care Hospitals,Voluntary non-profit - Other,No,Y,2,,7,6,0,6,0,,8,7,1,6,0,,11,9,0,7,2,,8,8,,12,9,
330106,NORTH SHORE UNIVERSITY HOSPITAL,300 COMMUNITY DRIVE,MANHASSET,NY,11030,NASSAU,(516) 562-0100,Acute Care Hospitals,Voluntary non-profit - Private,Yes,Y,4,,7,7,2,5,0,,8,7,2,5,0,,11,11,0,9,2,,8,8,,12,10,
330107,PECONIC BAY MEDICAL CENTER,1 HEROS WAY,RIVERHEAD,NY,11901,SUFFOLK,(631) 548-6000,Acute Care Hospitals,Voluntary non-profit - Other,Yes,Y,3,,7,6,0,6,0,,8,7,2,5,0,,11,8,0,6,2,,8,8,,12,9,
330111,BERTRAND CHAFFEE HOSPITAL,224 EAST MAIN STREET,SPRINGVILLE,NY,14141,ERIE,(716) 592-2871,Acute Care Hospitals,Voluntary non-profit - Private,Yes,,Not Available,16,7,2,0,2,0,,8,1,0,1,0,,11,4,0,4,0,,8,8,,12,6,
330115,ONEIDA HEALTH HOSPITAL,321 GENESEE STREET,ONEIDA,NY,13421,MADISON,(315) 363-6000,Acute Care Hospitals,Voluntary non-profit - Private,Yes,Y,3,,7,3,0,2,1,,8,5,0,5,0,,11,8,0,8,0,,8,8,,12,10,
330119,LENOX HILL HOSPITAL,100 EAST 77TH STREET,NEW YORK,NY,10075,NEW YORK,(212) 434-2000,Acute Care Hospitals,Voluntary non-profit - Private,Yes,Y,4,,7,7,1,6,0,,8,8,1,7,0,,11,11,0,10,1,,8,8,,12,9,
33011F,BATH VA MEDICAL CENTER,76 VETERANS AVE.,BATH,NY,14810,STEUBEN,(607) 664-4000,Acute Care - Veterans Administration,Veterans Health Administration,No,,Not Available,16,7,1,0,1,0,,8,Not Available,Not Available,Not Available,Not Available,5,11,3,1,2,0,,8,Not Available,5,12,2,
330125,ROCHESTER GENERAL HOSPITAL,1425 PORTLAND AVENUE,ROCHESTER,NY,14621,MONROE,(585) 922-4000,Acute Care Hospitals,Voluntary non-profit - Private,Yes,Y,2,,7,7,0,7,0,,8,8,1,6,1,,11,11,0,8,3,,8,8,,12,9,
330126,GARNET HEALTH MEDICAL CENTER,707 EAST MAIN STREET,MIDDLETOWN,NY,10940,ORANGE,(845) 343-2424,Acute Care Hospitals,Voluntary non-profit - Private,Yes,Y,3,,7,6,1,5,0,,8,8,0,8,0,,11,10,0,8,2,,8,8,,12,10,
330127,JACOBI MEDICAL CENTER,1400 PELHAM PARKWAY SOUTH,BRONX,NY,10461,BRONX,(718) 918-5000,Acute Care Hospitals,Government - Local,Yes,Y,1,,7,6,0,6,0,,8,6,1,5,0,,11,6,0,5,1,,8,8,,12,8,
330128,ELMHURST HOSPITAL CENTER,79-01 BROADWAY,ELMHURST,NY,11373,QUEENS,(718) 334-1141,Acute Care Hospitals,Government - Local,Yes,Y,2,,7,5,0,5,0,,8,6,3,3,0,,11,7,0,7,0,,8,8,,12,8,
33012F,UPSTATE NEW YORK VA HEALTHCARE SYSTEM (WESTERN NY VA HEALTHCARE SYSTEM),3495 BAILEY AVENUE,BUFFALO,NY,14215,ERIE,(716) 862-3611,Acute Care - Veterans Administration,Veterans Health Administration,Yes,,4,,7,5,0,5,0,,8,4,0,4,0,,11,6,0,6,0,,8,8,,12,5,
330135,BON SECOURS COMMUNITY HOSPITAL,160 EAST MAIN STREET,PORT JERVIS,NY,12771,ORANGE,(845) 856-5351,Acute Care Hospitals,Voluntary non-profit - Church,Yes,,3,,7,3,0,3,0,,8,3,0,3,0,,11,6,0,5,1,,8,8,,12,9,
330136,BASSETT HEALTHCARE,ONE ATWELL ROAD,COOPERSTOWN,NY,13326,OTSEGO,(607) 547-3456,Acute Care Hospitals,Voluntary non-profit - Private,Yes,Y,2,,7,7,0,7,0,,8,7,0,6,1,,11,11,0,10,1,,8,8,,12,10,
330140,ST JOSEPH'S HOSPITAL HEALTH CENTER,301 PROSPECT AVENUE,SYRACUSE,NY,13203,ONONDAGA,(315) 448-5111,Acute Care Hospitals,Voluntary non-profit - Private,Yes,Y,2,,7,7,1,6,0,,8,8,4,4,0,,11,9,0,6,3,,8,8,,12,8,
330141,LONG ISLAND COMMUNITY HOSPITAL,101 HOSPITAL ROAD,PATCHOGUE,NY,11772,SUFFOLK,(631) 654-7100,Acute Care Hospitals,Voluntary non-profit - Private,Yes,,1,,7,6,0,6,0,,8,7,1,6,0,,11,8,0,6,2,,8,8,,12,8,
330144,IRA DAVENPORT MEMORIAL HOSPITAL,7571 STATE ROUTE 54,BATH,NY,14810,STEUBEN,(607) 776-8500,Acute Care Hospitals,Voluntary non-profit - Private,Yes,,Not Available,16,7,Not Available,Not Available,Not Available,Not Available,5,8,Not Available,Not Available,Not Available,Not Available,5,11,1,0,1,0,,8,Not Available,5,12,7,
330151,ST JAMES HOSPITAL,411 CANISTEO STREET,HORNELL,NY,14843,STEUBEN,(607) 324-8000,Acute Care Hospitals,Voluntary non-profit - Private,Yes,,2,,7,3,0,3,0,,8,1,0,1,0,,11,6,0,6,0,,8,8,,12,7,
330153,ELLIS HOSPITAL,1101 NOTT STREET,SCHENECTADY,NY,12308,SCHENECTADY,(518) 243-4196,Acute Care Hospitals,Voluntary non-profit - Private,Yes,Y,2,,7,7,0,7,0,,8,7,3,3,1,,11,11,0,8,3,,8,8,,12,9,
330157,SAMARITAN MEDICAL CENTER,830 WASHINGTON STREET,WATERTOWN,NY,13601,JEFFERSON,(315) 785-4000,Acute Care Hospitals,Voluntary non-profit - Private,Yes,Y,3,,7,4,0,4,0,,8,7,1,6,0,,11,9,0,8,1,,8,8,,12,10,
330158,GOOD SAMARITAN HOSPITAL OF SUFFERN,255 LAFAYETTE AVENUE,SUFFERN,NY,10901,ROCKLAND,(914) 368-5000,Acute Care Hospitals,Voluntary non-profit - Church,Yes,Y,3,,7,7,0,7,0,,8,7,1,6,0,,11,11,0,9,2,,8,8,,12,9,
33015F,VA HUDSON VALLEY HEALTHCARE SYSTEM,2094 ALBANY POST ROAD,MONTROSE,NY,10548,WESTCHESTER,(914) 737-4400,Acute Care - Veterans Administration,Veterans Health Administration,No,,Not Available,16,7,Not Available,Not Available,Not Available,Not Available,5,8,Not Available,Not Available,Not Available,Not Available,5,11,Not Available,Not Available,Not Available,Not Available,5,8,8,,12,3,
330160,STATEN ISLAND UNIVERSITY HOSPITAL,475 SEAVIEW AVENUE,STATEN ISLAND,NY,10305,RICHMOND,(418) 226-9761,Acute Care Hospitals,Voluntary non-profit - Private,Yes,Y,1,,7,7,0,7,0,,8,7,1,3,3,,11,11,0,8,3,,8,8,,12,9,
330162,NORTHERN WESTCHESTER HOSPITAL,400 EAST MAIN STREET,MOUNT KISCO,NY,10549,WESTCHESTER,(914) 666-1200,Acute Care Hospitals,Voluntary non-profit - Private,Yes,Y,5,,7,6,1,5,0,,8,8,1,7,0,,11,10,1,9,0,,8,8,,12,9,
330164,HIGHLAND HOSPITAL,1000 SOUTH AVENUE,ROCHESTER,NY,14617,MONROE,(585) 341-6711,Acute Care Hospitals,Voluntary non-profit - Private,Yes,Y,2,,7,5,0,5,0,,8,8,1,6,1,,11,9,0,6,3,,8,8,,12,10,
330166,"WESTFIELD MEMORIAL HOSPITAL, INC",189 EAST MAIN STREET,WESTFIELD,NY,14787,CHAUTAUQUA,(716) 326-4921,Acute Care Hospitals,Voluntary non-profit - Private,Yes,,Not Available,16,7,Not Available,Not Available,Not Available,Not Available,5,8,Not Available,Not Available,Not Available,Not Available,5,11,2,0,2,0,,8,Not Available,5,12,7,
330169,MOUNT SINAI BETH ISRAEL,281 1ST AVE,NEW YORK,NY,10003,NEW YORK,(212) 420-2000,Acute Care Hospitals,Voluntary non-profit - Private,Yes,,3,,7,6,3,3,0,,8,6,3,3,0,,11,9,0,6,3,,8,8,,12,9,
33016F,BRONX VA MEDICAL CENTER,130 WEST KINGSBRIDGE ROAD,BRONX,NY,10468,BRONX,(718) 584-9000,Acute Care - Veterans Administration,Veterans Health Administration,Yes,,2,,7,4,1,3,0,,8,4,0,3,1,,11,5,0,4,1,,8,8,,12,5,
330175,GUTHRIE CORTLAND REGIONAL MEDICAL CENTER,134 HOMER AVENUE,CORTLAND,NY,13045,CORTLAND,(607) 756-3501,Acute Care Hospitals,Voluntary non-profit - Private,Yes,Y,4,,7,3,0,3,0,,8,3,0,3,0,,11,8,0,7,1,,8,8,,12,10,
33017F,VA NEW YORK HARBOR HEALTHCARE SYSTEM - NY DIV.,423 EAST 23RD STREET,NEW YORK,NY,10010,NEW YORK,(212) 686-7500,Acute Care - Veterans Administration,Veterans Health Administration,Yes,,1,,7,5,1,4,0,,8,2,0,2,0,,11,6,0,4,2,,8,8,,12,6,
330180,"SAMARITAN HOSPITAL OF TROY, NEW YORK",2215 BURDETT AVENUE,TROY,NY,12180,RENSSELAER,(518) 427-3402,Acute Care Hospitals,Voluntary non-profit - Private,Yes,Y,3,,7,6,0,6,0,,8,6,1,5,0,,11,9,0,9,0,,8,8,,12,9,
330181,NORTHWELL HOSPITAL GLEN COVE,101 ST ANDREWS LANE,GLEN COVE,NY,11542,NASSAU,(516) 674-7300,Acute Care Hospitals,Voluntary non-profit - Private,Yes,,5,,7,5,0,5,0,,8,3,0,3,0,,11,6,0,6,0,,8,8,,12,8,
330182,ST FRANCIS HOSPITAL - THE HEART CENTER,100 PORT WASHINGTON BOULEVARD,ROSLYN,NY,11576,NASSAU,(516) 562-6000,Acute Care Hospitals,Voluntary non-profit - Church,Yes,,5,,7,7,4,3,0,,8,7,2,5,0,,11,11,0,8,3,,8,8,,12,8,
330184,MONTEFIORE NEW ROCHELLE HOSPITAL,16 GUION PLACE,NEW ROCHELLE,NY,10802,WESTCHESTER,(914) 632-5000,Acute Care Hospitals,Voluntary non-profit - Private,Yes,Y,1,,7,5,0,5,0,,8,6,0,6,0,,11,7,0,5,2,,8,8,,12,9,
330185,JOHN T MATHER MEMORIAL HOSPITAL  OF PORT JEFFERSON,75 NORTH COUNTRY ROAD,PORT JEFFERSON,NY,11777,SUFFOLK,(631) 473-1320,Acute Care Hospitals,Voluntary non-profit - Private,Yes,,5,,7,6,1,5,0,,8,7,4,3,0,,11,8,0,6,2,,8,8,,12,7,
330188,MOUNT ST. MARY'S HOSPITAL & HEALTH CENTER,5300 MILITARY ROAD,LEWISTON,NY,14092,NIAGARA,(716) 297-4800,Acute Care Hospitals,Voluntary non-profit - Private,Yes,Y,3,,7,4,0,4,0,,8,6,1,5,0,,11,7,0,7,0,,8,8,,12,10,
330191,GLENS FALLS HOSPITAL,100 PARK STREET,GLENS FALLS,NY,12801,WARREN,(518) 926-1000,Acute Care Hospitals,Voluntary non-profit - Private,Yes,Y,2,,7,6,0,6,0,,8,6,2,4,0,,11,9,0,8,1,,8,8,,12,10,
330193,FLUSHING HOSPITAL MEDICAL CENTER,45TH AVENUE AND PARSONS BOULEVARD,FLUSHING,NY,11355,QUEENS,(718) 670-5000,Acute Care Hospitals,Voluntary non-profit - Private,Yes,Y,1,,7,5,0,5,0,,8,6,1,4,1,,11,5,0,4,1,,8,8,,12,9,
330194,MAIMONIDES MEDICAL CENTER,4802 TENTH AVENUE,BROOKLYN,NY,11219,KINGS,(718) 283-6000,Acute Care Hospitals,Voluntary non-profit - Private,Yes,Y,1,,7,7,3,4,0,,8,8,0,7,1,,11,11,0,7,4,,8,8,,12,9,
330195,LONG ISLAND JEWISH MEDICAL CENTER,270 - 05 76TH AVENUE,NEW HYDE PARK,NY,11040,NASSAU,(718) 470-7000,Acute Care Hospitals,Voluntary non-profit - Private,Yes,Y,3,,7,6,2,4,0,,8,8,4,3,1,,11,10,1,6,3,,8,8,,12,11,
330196,SOUTH BROOKLYN HEALTH,2601 OCEAN PARKWAY,BROOKLYN,NY,11235,KINGS,(718) 616-3000,Acute Care Hospitals,Voluntary non-profit - Other,Yes,Y,1,,7,6,0,6,0,,8,6,1,5,0,,11,7,0,3,4,,8,8,,12,9,
330197,CANTON-POTSDAM HOSPITAL,50 LEROY STREET,POTSDAM,NY,13676,ST. LAWRENCE,(315) 265-3300,Acute Care Hospitals,Voluntary non-profit - Private,Yes,Y,2,,7,5,0,5,0,,8,5,0,3,2,,11,9,0,8,1,,8,8,,12,10,
330198,MOUNT SINAI SOUTH NASSAU,ONE HEALTHY WAY,OCEANSIDE,NY,11572,NASSAU,(516) 632-3000,Acute Care Hospitals,Voluntary non-profit - Private,Yes,Y,2,,7,6,0,6,0,,8,8,1,7,0,,11,10,0,7,3,,8,8,,12,10,
330199,METROPOLITAN HOSPITAL CENTER,1901 FIRST AVENUE,NEW YORK,NY,10029,NEW YORK,(212) 423-6262,Acute Care Hospitals,Government - Local,Yes,Y,1,,7,1,0,1,0,,8,6,1,5,0,,11,3,0,3,0,,8,8,,12,7,
33019F,NORTHPORT VA MEDICAL CENTER,79 MIDDLEVILLE ROAD,NORTHPORT,NY,11768,SUFFOLK,(516) 261-4400,Acute Care - Veterans Administration,Veterans Health Administration,Yes,,2,,7,3,0,3,0,,8,4,0,4,0,,11,5,0,5,0,,8,8,,12,5,
330202,KINGS COUNTY HOSPITAL CENTER,451 CLARKSON AVENUE,BROOKLYN,NY,11203,KINGS,(718) 245-3901,Acute Care Hospitals,Government - Local,Yes,Y,1,,7,5,0,5,0,,8,6,1,4,1,,11,4,0,3,1,,8,8,,12,8,
330203,CROUSE HOSPITAL,736 IRVING AVENUE,SYRACUSE,NY,13210,ONONDAGA,(315) 470-7449,Acute Care Hospitals,Voluntary non-profit - Private,Yes,Y,2,,7,6,1,4,1,,8,8,3,4,1,,11,8,0,6,2,,8,8,,12,10,
330204,BELLEVUE HOSPITAL CENTER,462 FIRST AVENUE,NEW YORK,NY,10016,NEW YORK,(212) 561-4132,Acute Care Hospitals,Government - Local,Yes,Y,2,,7,5,0,5,0,,8,6,1,3,2,,11,6,0,5,1,,8,8,,12,8,
330205,ST ANTHONY COMMUNITY HOSPITAL,15 MAPLE AVENUE -19,WARWICK,NY,10990,ORANGE,(845) 986-2276,Acute Care Hospitals,Voluntary non-profit - Church,No,Y,5,,7,4,0,4,0,,8,3,0,3,0,,11,7,0,7,0,,8,8,,12,8,
330208,ST JOHN'S RIVERSIDE HOSPITAL,976 NORTH BROADWAY,YONKERS,NY,10701,WESTCHESTER,(914) 964-4444,Acute Care Hospitals,Voluntary non-profit - Private,Yes,Y,1,,7,5,1,4,0,,8,7,1,6,0,,11,9,0,6,3,,8,8,,12,9,
33020F,VA NEW YORK HARBOR HEALTHCARE SYSTEM - BROOKLYN,800 POLY PLACE,BROOKLYN,NY,11209,KINGS,(718) 836-6600,Acute Care - Veterans Administration,Veterans Health Administration,Yes,,2,,7,3,1,2,0,,8,4,0,3,1,,11,5,0,2,3,,8,Not Available,5,12,Not Available,5
330211,CLAXTON-HEPBURN MEDICAL CENTER,214 KING STREET,OGDENSBURG,NY,13669,ST. LAWRENCE,(315) 393-3600,Acute Care Hospitals,Voluntary non-profit - Private,Yes,Y,4,,7,3,0,3,0,,8,4,0,4,0,,11,8,0,8,0,,8,8,,12,9,
330214,NYU LANGONE HOSPITALS,550 FIRST AVENUE,NEW YORK,NY,10016,NEW YORK,(212) 263-7300,Acute Care Hospitals,Voluntary non-profit - Private,Yes,Y,5,,7,7,6,1,0,,8,8,5,3,0,,11,11,3,6,2,,8,8,,12,10,
330215,"ROME MEMORIAL HOSPITAL, INC",1500 NORTH JAMES STREET,ROME,NY,13440,ONEIDA,(315) 338-7000,Acute Care Hospitals,Voluntary non-profit - Private,Yes,Y,1,,7,3,0,3,0,,8,4,0,3,1,,11,6,0,4,2,,8,8,,12,10,
330218,OSWEGO HOSPITAL,110 WEST SIXTH STREET,OSWEGO,NY,13069,OSWEGO,(315) 349-5511,Acute Care Hospitals,Voluntary non-profit - Private,Yes,Y,3,,7,3,0,2,1,,8,3,1,2,0,,11,6,0,6,0,,8,8,,12,9,
330219,ERIE COUNTY MEDICAL CENTER,462 GRIDER STREET,BUFFALO,NY,14215,ERIE,(716) 898-3936,Acute Care Hospitals,Voluntary non-profit - Other,Yes,,2,,7,4,0,4,0,,8,7,1,5,1,,11,9,0,8,1,,8,8,,12,7,
330221,WYCKOFF HEIGHTS MEDICAL CENTER,374 STOCKHOLM STREET,BROOKLYN,NY,11237,KINGS,(718) 963-7272,Acute Care Hospitals,Voluntary non-profit - Private,Yes,Y,1,,7,5,0,5,0,,8,6,1,4,1,,11,6,0,5,1,,8,8,,12,8,
330222,SARATOGA HOSPITAL,211 CHURCH STREET,SARATOGA SPRINGS,NY,12866,SARATOGA,(518) 587-3222,Acute Care Hospitals,Voluntary non-profit - Private,Yes,Y,3,,7,6,0,6,0,,8,7,2,5,0,,11,10,0,10,0,,8,8,,12,10,
330224,HEALTHALLIANCE HOSPITAL MARYS AVENUE CAMPUS,105 MARY'S AVENUE,KINGSTON,NY,12401,ULSTER,(845) 338-2500,Acute Care Hospitals,Voluntary non-profit - Private,Yes,Y,1,,7,5,0,4,1,,8,6,0,6,0,,11,9,0,8,1,,8,8,,12,8,
330226,UNITY HOSPITAL,1555 LONG POND ROAD,ROCHESTER,NY,14626,MONROE,(585) 723-7000,Acute Care Hospitals,Voluntary non-profit - Private,Yes,Y,2,,7,6,0,6,0,,8,7,4,3,0,,11,10,1,8,1,,8,8,,12,9,
330229,"BROOKS-TLC HOSPITAL SYSTEM, INC",529 CENTRAL AVENUE,DUNKIRK,NY,14048,CHAUTAUQUA,(716) 366-1111,Acute Care Hospitals,Voluntary non-profit - Private,Yes,,3,,7,3,0,3,0,,8,3,0,3,0,,11,6,0,5,1,,8,8,,12,7,
330231,QUEENS HOSPITAL CENTER,82-68 164TH STREET,JAMAICA,NY,11432,QUEENS,(718) 883-3000,Acute Care Hospitals,Voluntary non-profit - Other,Yes,Y,1,,7,3,0,3,0,,8,6,2,4,0,,11,4,0,3,1,,8,8,,12,9,
330233,BROOKDALE HOSPITAL MEDICAL CENTER,1 BROOKDALE PLAZA,BROOKLYN,NY,11212,KINGS,(718) 240-5966,Acute Care Hospitals,Voluntary non-profit - Private,Yes,Y,1,,7,6,0,5,1,,8,6,2,3,1,,11,6,0,5,1,,8,8,,12,8,
330234,WESTCHESTER MEDICAL CENTER,100 WOODS RD,VALHALLA,NY,10595,WESTCHESTER,(914) 493-7000,Acute Care Hospitals,Voluntary non-profit - Other,Yes,Y,1,,7,7,0,7,0,,8,8,1,6,1,,11,11,0,7,4,,8,8,,12,9,
330235,AUBURN  COMMUNITY  HOSPITAL,17 LANSING STREET,AUBURN,NY,13021,CAYUGA,(315) 255-7011,Acute Care Hospitals,Voluntary non-profit - Private,Yes,Y,3,,7,5,1,4,0,,8,6,0,6,0,,11,9,0,8,1,,8,8,,12,8,
330238,NICHOLAS H NOYES MEMORIAL HOSPITAL,111  CLARA BARTON STREET,DANSVILLE,NY,14437,LIVINGSTON,(585) 335-6001,Acute Care Hospitals,Voluntary non-profit - Private,Yes,Y,2,,7,3,0,3,0,,8,5,0,5,0,,11,7,0,7,0,,8,8,,12,8,
330239,UPMC CHAUTAUQUA AT WCA,207 FOOTE AVENUE,JAMESTOWN,NY,14701,CHAUTAUQUA,(716) 487-0141,Acute Care Hospitals,Voluntary non-profit - Private,Yes,Y,3,,7,5,0,5,0,,8,7,0,6,1,,11,9,0,9,0,,8,8,,12,11,
330240,HARLEM HOSPITAL CENTER,506 LENOX AVENUE,NEW YORK,NY,10037,NEW YORK,(212) 939-1000,Acute Care Hospitals,Government - Local,Yes,Y,1,,7,4,0,4,0,,8,5,1,4,0,,11,5,0,3,2,,8,8,,12,7,
330241,UNIVERSITY HOSPITAL S U N Y HEALTH SCIENCE CENTER,750 EAST ADAMS STREET,SYRACUSE,NY,13210,ONONDAGA,(315) 473-4240,Acute Care Hospitals,Government - State,Yes,Y,3,,7,7,0,7,0,,8,7,2,5,0,,11,11,0,9,2,,8,8,,12,9,
330246,ST CHARLES HOSPITAL,200 BELLE TERRE ROAD,PORT JEFFERSON,NY,11777,SUFFOLK,(631) 474-6000,Acute Care Hospitals,Voluntary non-profit - Church,No,Y,4,,7,5,0,5,0,,8,7,1,6,0,,11,7,0,6,1,,8,8,,12,9,
33024F,SYRACUSE VA MEDICAL CENTER,800 IRVING AVE.,SYRACUSE,NY,13210,ONONDAGA,(315) 425-4400,Acute Care - Veterans Administration,Veterans Health Administration,Yes,,1,,7,5,0,5,0,,8,4,0,4,0,,11,6,0,3,3,,8,8,,12,4,
330250,CHAMPLAIN VALLEY PHYSICIANS HOSPITAL MEDICAL CTR,75 BEEKMAN STREET,PLATTSBURGH,NY,12901,CLINTON,(518) 562-7767,Acute Care Hospitals,Voluntary non-profit - Private,Yes,Y,2,,7,6,0,6,0,,8,7,0,6,1,,11,10,0,9,1,,8,8,,12,11,
330259,MERCY MEDICAL CENTER,1000 NORTH VILLAGE AVENUE,ROCKVILLE CENTRE,NY,11571,NASSAU,(516) 705-2525,Acute Care Hospitals,Voluntary non-profit - Church,Yes,Y,3,,7,5,0,5,0,,8,7,1,5,1,,11,9,0,8,1,,8,8,,12,9,
33025F,Keller ACH (West Point),900 Washington Rd,West Point,NY,10996,ORANGE,(845) 938-4034,Acute Care - Department of Defense,Department of Defense,Yes,,Not Available,22,Not Available,Not Available,Not Available,Not Available,Not Available,22,Not Available,Not Available,Not Available,Not Available,Not Available,22,Not Available,Not Available,Not Available,Not Available,Not Available,22,Not Available,Not Available,22,Not Available,Not Available,22
330261,PHELPS HOSPITAL,701 NORTH BROADWAY,SLEEPY HOLLOW,NY,10591,WESTCHESTER,(914) 366-3000,Acute Care Hospitals,Voluntary non-profit - Private,Yes,Y,3,,7,6,0,6,0,,8,7,1,6,0,,11,9,0,9,0,,8,8,,12,10,
330264,ST LUKE'S CORNWALL HOSPITAL,70 DUBOIS STREET,NEWBURGH,NY,12550,ORANGE,(845) 561-4400,Acute Care Hospitals,Voluntary non-profit - Other,Yes,Y,2,,7,6,0,6,0,,8,7,0,6,1,,11,8,0,6,2,,8,8,,12,9,
330265,CLIFTON SPRINGS HOSPITAL AND CLINIC,2 COULTER ROAD,CLIFTON SPRINGS,NY,14432,ONTARIO,(315) 462-9561,Acute Care Hospitals,Voluntary non-profit - Private,Yes,,3,,7,2,0,2,0,,8,3,1,2,0,,11,7,0,6,1,,8,8,,12,7,
330267,HUDSON VALLEY HOSPITAL CENTER,1980 CROMPOND ROAD,CORTLANDT MANOR,NY,10567,WESTCHESTER,(914) 734-3611,Acute Care Hospitals,Voluntary non-profit - Private,Yes,Y,3,,7,5,0,5,0,,8,7,1,4,2,,11,9,1,7,1,,8,8,,12,10,
330270,HOSPITAL FOR SPECIAL SURGERY,535 EAST 70TH STREET,NEW YORK,NY,10021,NEW YORK,(212) 606-1000,Acute Care Hospitals,Voluntary non-profit - Private,Yes,,5,,7,1,0,1,0,,8,5,2,3,0,,11,3,3,0,0,,8,8,,12,3,
330273,PUTNAM HOSPITAL CENTER,670 STONELEIGH AVENUE,CARMEL,NY,10512,PUTNAM,(914) 279-5711,Acute Care Hospitals,Voluntary non-profit - Private,Yes,Y,3,,7,5,0,5,0,,8,3,0,3,0,,11,7,0,7,0,,8,8,,12,8,
330276,NATHAN LITTAUER HOSPITAL,99 EAST STATE STREET,GLOVERSVILLE,NY,12078,FULTON,(518) 725-8621,Acute Care Hospitals,Voluntary non-profit - Private,Yes,Y,2,,7,3,0,3,0,,8,2,0,2,0,,11,6,1,5,0,,8,8,,12,9,
330277,CORNING HOSPITAL,1 GUTHRIE DRIVE,CORNING,NY,14830,STEUBEN,(607) 937-7200,Acute Care Hospitals,Voluntary non-profit - Private,Yes,Y,4,,7,4,0,4,0,,8,5,1,4,0,,11,9,0,8,1,,8,8,,12,10,
330279,MERCY HOSPITAL OF BUFFALO,565 ABBOTT ROAD,BUFFALO,NY,14220,ERIE,(716) 826-7000,Acute Care Hospitals,Voluntary non-profit - Private,Yes,Y,2,,7,7,0,7,0,,8,6,3,3,0,,11,8,0,5,3,,8,8,,12,8,
330285,STRONG MEMORIAL HOSPITAL,601 ELMWOOD AVE,ROCHESTER,NY,14642,MONROE,(585) 275-2121,Acute Care Hospitals,Voluntary non-profit - Private,Yes,Y,2,,7,7,0,7,0,,8,6,1,4,1,,11,10,1,7,2,,8,8,,12,11,
330286,GOOD SAMARITAN HOSPITAL MEDICAL CENTER,1000 MONTAUK HIGHWAY,WEST ISLIP,NY,11795,SUFFOLK,(631) 376-3000,Acute Care Hospitals,Voluntary non-profit - Private,Yes,Y,1,,7,7,0,6,1,,8,8,3,4,1,,11,11,0,8,3,,8,8,,12,9,
330304,WHITE PLAINS HOSPITAL CENTER,41 EAST POST R0AD,WHITE PLAINS,NY,10601,WESTCHESTER,(914) 681-0600,Acute Care Hospitals,Voluntary non-profit - Private,Yes,Y,5,,7,6,2,4,0,,8,8,3,5,0,,11,10,0,9,1,,8,8,,12,11,
330307,CAYUGA MEDICAL CENTER AT ITHACA,101 DATES DRIVE,ITHACA,NY,14850,TOMPKINS,(607) 274-4401,Acute Care Hospitals,Voluntary non-profit - Private,Yes,Y,4,,7,6,0,6,0,,8,6,1,5,0,,11,10,1,9,0,,8,8,,12,9,
330331,PLAINVIEW HOSPITAL,888 OLD COUNTRY ROAD,PLAINVIEW,NY,11803,NASSAU,(516) 719-3000,Acute Care Hospitals,Voluntary non-profit - Private,Yes,,3,,7,6,0,6,0,,8,7,1,6,0,,11,7,0,6,1,,8,8,,12,8,
330332,CHSLI ST JOSEPH HOSPITAL,4295 HEMPSTEAD TURNPIKE,BETHPAGE,NY,11714,NASSAU,(516) 579-6000,Acute Care Hospitals,Voluntary non-profit - Private,Yes,,2,,7,5,0,5,0,,8,6,1,5,0,,11,9,0,7,2,,8,8,,12,9,
330350,SUNY/DOWNSTATE UNIVERSITY HOSPITAL OF BROOKLYN,445 LENOX ROAD,BROOKLYN,NY,11203,KINGS,(718) 270-1000,Acute Care Hospitals,Government - State,Yes,Y,1,,7,4,0,4,0,,8,7,1,6,0,,11,7,0,5,2,,8,8,,12,7,
330386,GARNET HEALTH  MEDICAL CENTER CATSKILLS,"68 HARRIS BUSHVILLE ROAD, P O BOX 800",HARRIS,NY,12742,SULLIVAN,(845) 794-3300,Acute Care Hospitals,Voluntary non-profit - Private,Yes,Y,3,,7,5,0,5,0,,8,4,0,4,0,,11,6,0,6,0,,8,8,,12,9,
330393,SUNY/STONY BROOK UNIVERSITY HOSPITAL,HEALTH SCIENCES CENTER SUNY,STONY BROOK,NY,11794,SUFFOLK,(631) 444-4000,Acute Care Hospitals,Government - State,Yes,Y,4,,7,7,2,5,0,,8,8,1,7,0,,11,11,0,7,4,,8,8,,12,10,
330394,"UNITED HEALTH SERVICES HOSPITALS, INC",10-42 MITCHELL AVENUE,BINGHAMTON,NY,13903,BROOME,(607) 763-6000,Acute Care Hospitals,Voluntary non-profit - Private,Yes,Y,2,,7,7,0,6,1,,8,7,1,5,1,,11,11,0,9,2,,8,8,,12,9,
330395,ST JOHN'S EPISCOPAL HOSPITAL AT SOUTH SHORE,327 BEACH 19TH STREET,FAR ROCKAWAY,NY,11691,QUEENS,(718) 869-7000,Acute Care Hospitals,Voluntary non-profit - Private,Yes,Y,1,,7,4,0,3,1,,8,5,0,4,1,,11,5,0,2,3,,8,8,,12,8,
330396,WOODHULL MEDICAL & MENTAL HEALTH CENTER,760 BROADWAY,BROOKLYN,NY,11206,KINGS,(718) 963-8100,Acute Care Hospitals,Government - Local,Yes,Y,2,,7,2,0,2,0,,8,6,1,4,1,,11,3,0,3,0,,8,8,,12,9,
330399,ST BARNABAS HOSPITAL,4422 THIRD AVENUE,BRONX,NY,10457,BRONX,(212) 960-9000,Acute Care Hospitals,Voluntary non-profit - Private,Yes,Y,1,,7,3,0,3,0,,8,6,2,4,0,,11,5,0,3,2,,8,8,,12,8,
330401,ST CATHERINE OF SIENA HOSPITAL MEDICAL CENTER,50 ROUTE 25A,SMITHTOWN,NY,11787,SUFFOLK,(631) 862-3000,Acute Care Hospitals,Voluntary non-profit - Church,Yes,Y,3,,7,6,0,6,0,,8,7,1,6,0,,11,8,0,7,1,,8,8,,12,8,
330405,HELEN HAYES HOSPITAL,51 NORTH ROUTE 9W,WEST HAVERSTRAW,NY,10993,ROCKLAND,(845) 786-4000,Acute Care Hospitals,Government - State,No,,Not Available,16,7,Not Available,Not Available,Not Available,Not Available,5,8,Not Available,Not Available,Not Available,Not Available,5,11,Not Available,Not Available,Not Available,Not Available,5,8,Not Available,5,12,2,
330406,SUNNYVIEW HOSPITAL AND REHABILITATION CENTER,1270 BELMONT AVENUE,SCHENECTADY,NY,12308,SCHENECTADY,(518) 382-4500,Acute Care Hospitals,Voluntary non-profit - Private,No,,Not Available,16,7,Not Available,Not Available,Not Available,Not Available,5,8,Not Available,Not Available,Not Available,Not Available,5,11,1,0,1,0,,8,Not Available,5,12,2,
330411,UNITY SPECIALTY HOSPITAL,89 GENESEE STREET,ROCHESTER,NY,14611,MONROE,(585) 723-7000,Acute Care Hospitals,Voluntary non-profit - Private,No,,Not Available,19,Not Available,Not Available,Not Available,Not Available,Not Available,19,Not Available,Not Available,Not Available,Not Available,Not Available,19,Not Available,Not Available,Not Available,Not Available,Not Available,19,Not Available,Not Available,19,Not Available,Not Available,19
331301,"CUBA MEMORIAL HOSPITAL, INC",140 WEST MAIN STREET,CUBA,NY,14727,ALLEGANY,(585) 961-2000,Critical Access Hospitals,Voluntary non-profit - Private,No,,Not Available,16,7,Not Available,Not Available,Not Available,Not Available,5,8,Not Available,Not Available,Not Available,Not Available,5,11,Not Available,Not Available,Not Available,Not Available,5,8,Not Available,5,12,2,
331302,ELIZABETHTOWN COMMUNITY HOSPITAL,75 PARK STREET,ELIZABETHTOWN,NY,12932,ESSEX,(518) 873-6377,Critical Access Hospitals,Voluntary non-profit - Private,Yes,Y,Not Available,16,7,1,0,1,0,,8,1,0,1,0,,11,2,0,2,0,,8,Not Available,5,12,5,
331303,GARNET HEALTH MEDICAL CENTER CATSKILLS,8081 STATE ROUTE 97,CALLICOON,NY,12723,SULLIVAN,(845) 887-5530,Critical Access Hospitals,Voluntary non-profit - Private,Yes,,Not Available,16,7,Not Available,Not Available,Not Available,Not Available,5,8,Not Available,Not Available,Not Available,Not Available,5,11,Not Available,Not Available,Not Available,Not Available,5,8,Not Available,5,12,5,
331304,MARGARETVILLE MEMORIAL HOSPITAL,42084 STATE HIGHWAY 28,MARGARETVILLE,NY,12455,DELAWARE,(845) 586-2631,Critical Access Hospitals,Voluntary non-profit - Private,Yes,,Not Available,16,7,Not Available,Not Available,Not Available,Not Available,5,8,Not Available,Not Available,Not Available,Not Available,5,11,2,0,2,0,,8,Not Available,5,12,1,
331305,O'CONNOR HOSPITAL,460 ANDES ROAD,DELHI,NY,13753,DELAWARE,(607) 746-0300,Critical Access Hospitals,Voluntary non-profit - Private,Yes,,Not Available,16,7,Not Available,Not Available,Not Available,Not Available,5,8,Not Available,Not Available,Not Available,Not Available,5,11,2,0,2,0,,8,Not Available,5,12,6,
331307,CLIFTON-FINE HOSPITAL,1014 OSWEGATCHIE TRAIL,STAR LAKE,NY,13690,ST. LAWRENCE,(315) 848-4205,Critical Access Hospitals,Voluntary non-profit - Private,Yes,,Not Available,16,7,Not Available,Not Available,Not Available,Not Available,5,8,Not Available,Not Available,Not Available,Not Available,5,11,Not Available,Not Available,Not Available,Not Available,5,8,Not Available,5,12,2,
331309,RIVER HOSPITAL CLINICS,4 FULLER STREET,ALEXANDRIA BAY,NY,13607,JEFFERSON,(315) 482-2511,Critical Access Hospitals,Voluntary non-profit - Private,Yes,,Not Available,16,7,Not Available,Not Available,Not Available,Not Available,5,8,Not Available,Not Available,Not Available,Not Available,5,11,2,0,2,0,,8,Not Available,5,12,3,
331310,ELLENVILLE REGIONAL HOSPITAL,10 HEALTHY WAY,ELLENVILLE,NY,12428,ULSTER,(845) 647-6400,Critical Access Hospitals,Voluntary non-profit - Private,Yes,,Not Available,16,7,1,0,1,0,,8,Not Available,Not Available,Not Available,Not Available,5,11,2,0,2,0,,8,Not Available,5,12,1,
331311,LITTLE FALLS HOSPITAL,140 BURWELL STREET,LITTLE FALLS,NY,13365,HERKIMER,(315) 823-5261,Critical Access Hospitals,Voluntary non-profit - Private,Yes,,Not Available,16,7,1,0,1,0,,8,Not Available,Not Available,Not Available,Not Available,5,11,4,0,4,0,,8,8,,12,7,
331312,"DELAWARE VALLEY HOSPITAL, INC",1 TITUS PLACE,WALTON,NY,13856,DELAWARE,(607) 865-2188,Critical Access Hospitals,Voluntary non-profit - Private,Yes,,Not Available,16,7,Not Available,Not Available,Not Available,Not Available,5,8,Not Available,Not Available,Not Available,Not Available,5,11,1,0,1,0,,8,Not Available,5,12,5,
331313,SCHUYLER HOSPITAL,220 STEUBEN STREET,MONTOUR FALLS,NY,14865,SCHUYLER,(607) 530-7121,Critical Access Hospitals,Voluntary non-profit - Private,Yes,,Not Available,16,7,1,0,1,0,,8,Not Available,Not Available,Not Available,Not Available,5,11,2,0,2,0,,8,Not Available,5,12,2,
331314,SOLDIERS AND SAILORS MEMORIAL HOSPITAL OF YATES,418 NORTH MAIN STREET,PENN YAN,NY,14527,YATES,(315) 787-4175,Critical Access Hospitals,Voluntary non-profit - Private,Yes,,Not Available,16,7,Not Available,Not Available,Not Available,Not Available,5,8,Not Available,Not Available,Not Available,Not Available,5,11,1,0,1,0,,8,Not Available,5,12,6,
331315,GOUVERNEUR HOSPITAL,77 WEST BARNEY STREET,GOUVERNEUR,NY,13642,ST. LAWRENCE,(315) 287-1000,Critical Access Hospitals,Voluntary non-profit - Private,Yes,,Not Available,16,7,Not Available,Not Available,Not Available,Not Available,5,8,Not Available,Not Available,Not Available,Not Available,5,11,1,0,1,0,,8,Not Available,5,12,4,
331316,"COMMUNITY MEMORIAL HOSPITAL, INC",150 BROAD STREET,HAMILTON,NY,13346,MADISON,(315) 824-1100,Critical Access Hospitals,Voluntary non-profit - Private,Yes,,Not Available,16,7,2,0,2,0,,8,2,0,2,0,,11,6,0,6,0,,8,8,,12,3,
331317,LEWIS COUNTY GENERAL HOSPITAL,7785 NORTH STATE STREET,LOWVILLE,NY,13367,LEWIS,(315) 376-5200,Critical Access Hospitals,Government - Local,Yes,,Not Available,16,7,Not Available,Not Available,Not Available,Not Available,5,8,Not Available,Not Available,Not Available,Not Available,5,11,2,0,2,0,,8,Not Available,5,12,4,
331318,"CARTHAGE AREA HOSPITAL, INC",1001 WEST STREET,CARTHAGE,NY,13619,JEFFERSON,(315) 493-1000,Critical Access Hospitals,Voluntary non-profit - Private,Yes,,Not Available,19,Not Available,Not Available,Not Available,Not Available,Not Available,19,Not Available,Not Available,Not Available,Not Available,Not Available,19,Not Available,Not Available,Not Available,Not Available,Not Available,19,Not Available,Not Available,19,Not Available,Not Available,19
331319,MEDINA MEMORIAL HOSPITAL,200 OHIO STREET,MEDINA,NY,14103,ORLEANS,(585) 798-8111,Critical Access Hospitals,Voluntary non-profit - Private,Yes,,Not Available,16,7,Not Available,Not Available,Not Available,Not Available,5,8,Not Available,Not Available,Not Available,Not Available,5,11,2,0,2,0,,8,Not Available,5,12,5,
331320,COBLESKILL REGIONAL HOSPITAL,178 GRANDVIEW DRIVE,COBLESKILL,NY,12043,SCHOHARIE,(518) 254-3456,Critical Access Hospitals,Voluntary non-profit - Private,Yes,,2,,7,3,0,3,0,,8,1,0,1,0,,11,5,0,4,1,,8,8,,12,7,
331321,THE UNIVERSITY OF VERMONT HEALTH NETWORK-ALICE HY,"133 PARK STREET, PO BOX 729",MALONE,NY,12953,FRANKLIN,(518) 481-2458,Critical Access Hospitals,Voluntary non-profit - Private,Yes,,Not Available,5,Not Available,Not Available,Not Available,Not Available,Not Available,5,Not Available,Not Available,Not Available,Not Available,Not Available,5,Not Available,Not Available,Not Available,Not Available,Not Available,5,Not Available,Not Available,5,Not Available,Not Available,5
331322,"SLHS MASSENA, INC",1 HOSPITAL DRIVE,MASSENA,NY,13662,ST. LAWRENCE,(315) 769-4234,Critical Access Hospitals,Voluntary non-profit - Private,Yes,,Not Available,5,Not Available,Not Available,Not Available,Not Available,Not Available,5,Not Available,Not Available,Not Available,Not Available,Not Available,5,Not Available,Not Available,Not Available,Not Available,Not Available,5,Not Available,Not Available,5,Not Available,Not Available,5
331323,WYOMING COUNTY,400 NORTH MAIN STREET,WARSAW,NY,14569,WYOMING,(585) 786-8940,Critical Access Hospitals,Government - Local,Yes,,Not Available,19,Not Available,Not Available,Not Available,Not Available,Not Available,19,Not Available,Not Available,Not Available,Not Available,Not Available,19,Not Available,Not Available,Not Available,Not Available,Not Available,19,Not Available,Not Available,19,Not Available,Not Available,19
333301,BLYTHEDALE CHILDREN'S HOSPITAL,95 BRADHURST AVENUE,VALHALLA,NY,10595,WESTCHESTER,(914) 592-7555,Childrens,Voluntary non-profit - Private,No,,Not Available,19,Not Available,Not Available,Not Available,Not Available,Not Available,19,Not Available,Not Available,Not Available,Not Available,Not Available,19,Not Available,Not Available,Not Available,Not Available,Not Available,19,Not Available,Not Available,19,Not Available,Not Available,19
334001,HUTCHINGS PSYCHIATRIC CTR,620 MADISON STREET,SYRACUSE,NY,13210,ONONDAGA,(315) 473-4980,Psychiatric,Government - State,Yes,,Not Available,19,Not Available,Not Available,Not Available,Not Available,Not Available,19,Not Available,Not Available,Not Available,Not Available,Not Available,19,Not Available,Not Available,Not Available,Not Available,Not Available,19,Not Available,Not Available,19,Not Available,Not Available,19
334002,FOUR WINDS,800 CROSS RIVER RD,KATONAH,NY,10536,WESTCHESTER,(914) 763-8151,Psychiatric,Proprietary,No,,Not Available,19,Not Available,Not Available,Not Available,Not Available,Not Available,19,Not Available,Not Available,Not Available,Not Available,Not Available,19,Not Available,Not Available,Not Available,Not Available,Not Available,19,Not Available,Not Available,19,Not Available,Not Available,19
334003,ST LAWRENCE PSYCHIATRIC CENTER,ONE CHIMNEY POINT DRIVE,OGDENSBURG,NY,13669,ST. LAWRENCE,(315) 541-2071,Psychiatric,Government - State,No,,Not Available,19,Not Available,Not Available,Not Available,Not Available,Not Available,19,Not Available,Not Available,Not Available,Not Available,Not Available,19,Not Available,Not Available,Not Available,Not Available,Not Available,19,Not Available,Not Available,19,Not Available,Not Available,19
334004,CREEDMOOR PSYCHIATRIC CENTER,80-45 WINCHESTER BLVD BLDG B,QUEENS VILLAGE,NY,11427,QUEENS,(718) 264-4000,Psychiatric,Government - State,No,,Not Available,19,Not Available,Not Available,Not Available,Not Available,Not Available,19,Not Available,Not Available,Not Available,Not Available,Not Available,19,Not Available,Not Available,Not Available,Not Available,Not Available,19,Not Available,Not Available,19,Not Available,Not Available,19
334009,NEW YORK STATE PSYCHIATRIC INSTITUTE,722 W 168TH ST,NEW YORK,NY,10032,NEW YORK,(212) 543-5000,Psychiatric,Government - State,No,,Not Available,19,Not Available,Not Available,Not Available,Not Available,Not Available,19,Not Available,Not Available,Not Available,Not Available,Not Available,19,Not Available,Not Available,Not Available,Not Available,Not Available,19,Not Available,Not Available,19,Not Available,Not Available,19
334012,GREATER BINGHAMTON HEALTH CENTER,425 ROBINSON ST,BINGHAMTON,NY,13901,BROOME,(607) 724-1391,Psychiatric,Government - State,Yes,,Not Available,19,Not Available,Not Available,Not Available,Not Available,Not Available,19,Not Available,Not Available,Not Available,Not Available,Not Available,19,Not Available,Not Available,Not Available,Not Available,Not Available,19,Not Available,Not Available,19,Not Available,Not Available,19
334013,PILGRIM PSYCHIATRIC CENTER,998 CROOKED HILL ROAD,WEST BRENTWOOD,NY,11717,SUFFOLK,(631) 761-3500,Psychiatric,Government - State,No,,Not Available,19,Not Available,Not Available,Not Available,Not Available,Not Available,19,Not Available,Not Available,Not Available,Not Available,Not Available,19,Not Available,Not Available,Not Available,Not Available,Not Available,19,Not Available,Not Available,19,Not Available,Not Available,19
334015,ROCKLAND PSYCH CTR,140 OLD ORANGEBURG RD,ORANGEBURG,NY,10962,ROCKLAND,(845) 359-1000,Psychiatric,Government - State,No,,Not Available,19,Not Available,Not Available,Not Available,Not Available,Not Available,19,Not Available,Not Available,Not Available,Not Available,Not Available,19,Not Available,Not Available,Not Available,Not Available,Not Available,19,Not Available,Not Available,19,Not Available,Not Available,19
334020,ROCHESTER PSYCHIATRIC CENTER,1600 SOUTH AVE,ROCHESTER,NY,14620,MONROE,(585) 241-1200,Psychiatric,Government - State,Yes,,Not Available,19,Not Available,Not Available,Not Available,Not Available,Not Available,19,Not Available,Not Available,Not Available,Not Available,Not Available,19,Not Available,Not Available,Not Available,Not Available,Not Available,19,Not Available,Not Available,19,Not Available,Not Available,19
334021,MOHAWK VALLEY PSYCHIATRIC CENTER,1400 NOYES ST,UTICA,NY,13502,ONEIDA,(315) 797-6800,Psychiatric,Government - Local,No,,Not Available,19,Not Available,Not Available,Not Available,Not Available,Not Available,19,Not Available,Not Available,Not Available,Not Available,Not Available,19,Not Available,Not Available,Not Available,Not Available,Not Available,19,Not Available,Not Available,19,Not Available,Not Available,19
334022,BRYLIN HOSP,1263 DELAWARE AVE,BUFFALO,NY,14209,ERIE,(716) 886-8200,Psychiatric,Proprietary,No,,Not Available,19,Not Available,Not Available,Not Available,Not Available,Not Available,19,Not Available,Not Available,Not Available,Not Available,Not Available,19,Not Available,Not Available,Not Available,Not Available,Not Available,19,Not Available,Not Available,19,Not Available,Not Available,19
334026,"BRUNSWICK HOSPITAL CENTER, INC.",81 LOUDEN AVE,AMITYVILLE,NY,11701,SUFFOLK,(516) 789-7000,Psychiatric,Proprietary,No,,Not Available,19,Not Available,Not Available,Not Available,Not Available,Not Available,19,Not Available,Not Available,Not Available,Not Available,Not Available,19,Not Available,Not Available,Not Available,Not Available,Not Available,19,Not Available,Not Available,19,Not Available,Not Available,19
334027,SOUTH OAKS HOSP,400 SUNRISE HIGHWAY,AMITYVILLE,NY,11701,SUFFOLK,(516) 264-4000,Psychiatric,Voluntary non-profit - Private,No,,Not Available,19,Not Available,Not Available,Not Available,Not Available,Not Available,19,Not Available,Not Available,Not Available,Not Available,Not Available,19,Not Available,Not Available,Not Available,Not Available,Not Available,19,Not Available,Not Available,19,Not Available,Not Available,19
334043,SOUTH BEACH PSYCHIATRIC CENTER,777 SEAVIEW AVE,STATEN ISLAND,NY,10305,RICHMOND,(718) 667-2300,Psychiatric,Government - State,No,,Not Available,19,Not Available,Not Available,Not Available,Not Available,Not Available,19,Not Available,Not Available,Not Available,Not Available,Not Available,19,Not Available,Not Available,Not Available,Not Available,Not Available,19,Not Available,Not Available,19,Not Available,Not Available,19
334045,ELMIRA PSYCH CENTER,WASHINGTON ST,ELMIRA,NY,14901,CHEMUNG,(607) 737-4739,Psychiatric,Government - State,No,,Not Available,19,Not Available,Not Available,Not Available,Not Available,Not Available,19,Not Available,Not Available,Not Available,Not Available,Not Available,19,Not Available,Not Available,Not Available,Not Available,Not Available,19,Not Available,Not Available,19,Not Available,Not Available,19
334046,CAPITAL DISTRICT PSYCH CENTER,75 NEW SCOTLAND AVE,ALBANY,NY,12208,ALBANY,(845) 398-5566,Psychiatric,Government - State,No,,Not Available,19,Not Available,Not Available,Not Available,Not Available,Not Available,19,Not Available,Not Available,Not Available,Not Available,Not Available,19,Not Available,Not Available,Not Available,Not Available,Not Available,19,Not Available,Not Available,19,Not Available,Not Available,19
334048,GRACIE SQUARE HOSP,420 EAST 76 ST,NEW YORK,NY,10021,NEW YORK,(212) 434-5322,Psychiatric,Voluntary non-profit - Private,No,,Not Available,19,Not Available,Not Available,Not Available,Not Available,Not Available,19,Not Available,Not Available,Not Available,Not Available,Not Available,19,Not Available,Not Available,Not Available,Not Available,Not Available,19,Not Available,Not Available,19,Not Available,Not Available,19
334049,FOUR WINDS OF SARATOGA,30 CRESCENT AVE,SARATOGA SPRINGS,NY,12866,SARATOGA,(518) 584-3600,Psychiatric,Proprietary,Yes,,Not Available,19,Not Available,Not Available,Not Available,Not Available,Not Available,19,Not Available,Not Available,Not Available,Not Available,Not Available,19,Not Available,Not Available,Not Available,Not Available,Not Available,19,Not Available,Not Available,19,Not Available,Not Available,19
334052,BUFFALO PSYCHIATRIC CENTER,400 FOREST AVE,BUFFALO,NY,14213,ERIE,(716) 885-2261,Psychiatric,Government - State,No,,Not Available,19,Not Available,Not Available,Not Available,Not Available,Not Available,19,Not Available,Not Available,Not Available,Not Available,Not Available,19,Not Available,Not Available,Not Available,Not Available,Not Available,19,Not Available,Not Available,19,Not Available,Not Available,19
334053,BRONX PSYCHIATRIC CENTER,1500 WATERS PLACE,BRONX,NY,10461,BRONX,(718) 931-0600,Psychiatric,Government - State,No,,Not Available,19,Not Available,Not Available,Not Available,Not Available,Not Available,19,Not Available,Not Available,Not Available,Not Available,Not Available,19,Not Available,Not Available,Not Available,Not Available,Not Available,19,Not Available,Not Available,19,Not Available,Not Available,19
334054,MANHATTAN PSYCHIATRIC CENTER,600 E 125TH STREET,NEW YORK,NY,10035,NEW YORK,(646) 672-6767,Psychiatric,Government - State,No,,Not Available,19,Not Available,Not Available,Not Available,Not Available,Not Available,19,Not Available,Not Available,Not Available,Not Available,Not Available,19,Not Available,Not Available,Not Available,Not Available,Not Available,19,Not Available,Not Available,19,Not Available,Not Available,19
334060,KIRBY FORENSIC PSYCHIATRIC CENTER,WARD ISLAND,NEW YORK,NY,10035,NEW YORK,(212) 427-9003,Psychiatric,Government - State,No,,Not Available,19,Not Available,Not Available,Not Available,Not Available,Not Available,19,Not Available,Not Available,Not Available,Not Available,Not Available,19,Not Available,Not Available,Not Available,Not Available,Not Available,19,Not Available,Not Available,19,Not Available,Not Available,19
334061,MID HUDSON FORENSIC PSYCHIATRIC CTR,BOX 158 ROUTE 17M,NEW HAMPTON,NY,10958,ORANGE,(845) 374-3171,Psychiatric,Government - State,No,,Not Available,19,Not Available,Not Available,Not Available,Not Available,Not Available,19,Not Available,Not Available,Not Available,Not Available,Not Available,19,Not Available,Not Available,Not Available,Not Available,Not Available,19,Not Available,Not Available,19,Not Available,Not Available,19
334063,KINGSBORO PSYCHIATRIC HOSPITAL,681 CLARKSON AVENUE,BROOKLYN,NY,11203,KINGS,(718) 221-7395,Psychiatric,Government - State,No,,Not Available,19,Not Available,Not Available,Not Available,Not Available,Not Available,19,Not Available,Not Available,Not Available,Not Available,Not Available,19,Not Available,Not Available,Not Available,Not Available,Not Available,19,Not Available,Not Available,19,Not Available,Not Available,19
334064,SAGAMORE CHILDREN'S PSYCHIATRIC CENTER,197 HALF HOLLOW ROAD,DIX HILLS,NY,11746,SUFFOLK,(631) 370-1701,Psychiatric,Government - State,No,,Not Available,19,Not Available,Not Available,Not Available,Not Available,Not Available,19,Not Available,Not Available,Not Available,Not Available,Not Available,19,Not Available,Not Available,Not Available,Not Available,Not Available,19,Not Available,Not Available,19,Not Available,Not Available,19
334065,WESTERN NY CHILDRENS PSYCHIATRIC CENTER,1010 EAST & WEST ROAD,WEST SENECA,NY,14224,ERIE,(716) 677-7000,Psychiatric,Government - State,Yes,,Not Available,19,Not Available,Not Available,Not Available,Not Available,Not Available,19,Not Available,Not Available,Not Available,Not Available,Not Available,19,Not Available,Not Available,Not Available,Not Available,Not Available,19,Not Available,Not Available,19,Not Available,Not Available,19
334066,ROCKLAND CHILDREN'S PSYCHIATRIC CENTER,2 FIRST AVE,ORANGEBURG,NY,10962,ROCKLAND,(845) 680-8004,Psychiatric,Government - State,No,,Not Available,19,Not Available,Not Available,Not Available,Not Available,Not Available,19,Not Available,Not Available,Not Available,Not Available,Not Available,19,Not Available,Not Available,Not Available,Not Available,Not Available,19,Not Available,Not Available,19,Not Available,Not Available,19
334067,NEW YORK CITY CHILDRENS PSYCH CENTER,7403 COMMONWEALTH BLVD,BELLEROSE,NY,11426,QUEENS,(718) 692-2543,Psychiatric,Government - State,No,,Not Available,19,Not Available,Not Available,Not Available,Not Available,Not Available,19,Not Available,Not Available,Not Available,Not Available,Not Available,19,Not Available,Not Available,Not Available,Not Available,Not Available,19,Not Available,Not Available,19,Not Available,Not Available,19